Tamaño,Tiempo (s),Pasos,Coste
2,0.4141533374786377,7,616.0
3,0.4095194339752197,11,492.0
4,0.4395451545715332,15,1276.0
5,0.5629804134368896,19,1910.0
6,1.246791124343872,23,1492.0
7,4.851043939590454,27,1642.0
8,28.178730487823486,31,3308.0
