Tamaño,Tiempo (s),Pasos,Coste
2,0.002758145332336379,8,749.0
3,0.00297951698303219,13,984.5
4,0.003913521766662565,17,1550.0
5,0.0051745772361755345,22,1211.5
6,0.007038235664367645,28,1678.5
7,0.009900867938995313,33,2531.5
8,0.015191614627838097,38,2807.25
9,0.02257633209228513,41,3951.25
10,0.03183799982070919,47,3605.75
