Tamaño,Tiempo (s),Pasos,Coste
2,0.4415774345397949,7,764.0
3,0.45784473419189453,11,1368.0
4,0.7342815399169922,15,1436.0
5,1.237882375717163,19,1698.0
6,15.71312141418457,23,1484.0
