Tamaño,Tiempo (s),Pasos,Coste
2,0.3950347900390625,13,164.0
3,0.41617894172668457,20,419.0
4,0.4513378143310547,24,371.0
5,2.0086753368377686,34,606.0
6,19.107283353805542,38,681.0
