Tamaño,Tiempo (s),Pasos,Coste
2,0.405820369720459,13,112.0
3,0.5955684185028076,22,940.0
4,1.5384016036987305,32,1399.0
5,7.391468048095703,25,1546.0
